{"meta": {"format": 2, "version": "7.4.4", "timestamp": "2024-04-12T13:36:19.872137", "branch_coverage": false, "show_contexts": false}, "files": {"garmin_to_fittrackee/fittrackee.py": {"executed_lines": [1, 2, 3, 5, 6, 7, 8, 9, 10, 12, 13, 15, 18, 19, 28, 29, 30, 31, 32, 33, 34, 35, 36, 37, 38, 39, 40, 41, 43, 44, 45, 53, 54, 55, 56, 58, 59, 60, 61, 62, 63, 73, 74, 75, 76, 77, 79, 86, 87, 88, 89, 91, 92, 94, 95, 96, 98, 99, 100, 101, 102, 103, 107, 108, 109, 116, 117, 118, 120, 121, 125, 132, 134, 139, 140, 141, 144, 145, 146, 147, 148, 152, 153, 154, 155, 156, 157, 158, 159, 161, 162, 163, 164, 165, 166, 167, 168, 172, 173, 174, 175, 176, 180, 181, 182, 183, 184, 185, 186, 187, 188, 189, 190, 193, 194, 196, 197, 198, 202, 203, 204, 205, 206, 210, 211, 212, 213, 214, 215, 216, 217, 218, 219, 221, 225, 226, 227, 231, 232, 233, 234, 235, 240, 241, 242, 243, 244, 248, 249, 250, 251, 252, 253, 254, 255, 256, 257, 258, 260, 264, 265, 266, 268, 269, 270, 271, 272, 273, 274, 275, 279, 280, 281, 282, 283, 285, 286, 287, 288, 289, 290, 291, 292, 293, 297, 298, 299, 300, 301, 303, 304, 305, 306, 307, 312, 313], "summary": {"covered_lines": 196, "num_statements": 203, "percent_covered": 96.55172413793103, "percent_covered_display": "97", "missing_lines": 7, "excluded_lines": 0}, "missing_lines": [64, 65, 70, 71, 135, 136, 137], "excluded_lines": []}, "garmin_to_fittrackee/logs.py": {"executed_lines": [1, 2, 4, 5, 7, 8, 11, 12, 13, 14, 15, 16, 17, 25, 26, 27, 29, 34, 36], "summary": {"covered_lines": 19, "num_statements": 20, "percent_covered": 95.0, "percent_covered_display": "95", "missing_lines": 1, "excluded_lines": 0}, "missing_lines": [23], "excluded_lines": []}, "garmin_to_fittrackee/sports.py": {"executed_lines": [1, 3, 6, 7, 8, 9, 10, 11, 12, 14, 15, 22, 23, 24, 25, 31, 32, 33, 34, 37, 40, 41, 42, 48, 51, 53, 54, 64, 65, 67, 68, 69, 71, 72, 77, 78, 80, 81, 84, 85, 86, 87, 92, 95, 96, 97, 105, 109, 111, 112, 115, 117, 118, 121, 123, 124, 125, 127, 128, 132, 133, 134, 135, 138, 139], "summary": {"covered_lines": 55, "num_statements": 55, "percent_covered": 100.0, "percent_covered_display": "100", "missing_lines": 0, "excluded_lines": 0}, "missing_lines": [], "excluded_lines": []}, "garmin_to_fittrackee/workout.py": {"executed_lines": [1, 3, 6, 7, 35, 36, 37, 38, 39, 40, 41, 42, 43, 44, 45, 46, 47, 48, 49, 50, 51, 52, 53, 54, 55, 56, 57, 58, 59, 60, 61, 63, 64, 66, 67], "summary": {"covered_lines": 35, "num_statements": 35, "percent_covered": 100.0, "percent_covered_display": "100", "missing_lines": 0, "excluded_lines": 0}, "missing_lines": [], "excluded_lines": []}}, "totals": {"covered_lines": 305, "num_statements": 313, "percent_covered": 97.44408945686901, "percent_covered_display": "97", "missing_lines": 8, "excluded_lines": 0}}