{"meta": {"format": 3, "version": "7.8.0", "timestamp": "2025-04-24T12:03:06.055179", "branch_coverage": false, "show_contexts": false}, "files": {"garmin_to_fittrackee/fittrackee.py": {"executed_lines": [1, 2, 3, 5, 6, 7, 8, 9, 10, 11, 13, 14, 16, 19, 20, 29, 30, 31, 32, 33, 34, 35, 36, 37, 38, 39, 40, 41, 42, 44, 45, 46, 54, 55, 56, 57, 59, 60, 61, 62, 63, 64, 74, 75, 76, 77, 78, 80, 87, 88, 89, 90, 92, 93, 95, 96, 97, 99, 100, 101, 102, 103, 104, 108, 109, 110, 117, 118, 119, 121, 122, 126, 133, 135, 140, 141, 142, 145, 146, 147, 148, 149, 153, 154, 155, 156, 157, 158, 159, 160, 162, 163, 164, 165, 166, 167, 168, 169, 173, 174, 175, 176, 177, 181, 182, 183, 184, 185, 186, 187, 188, 189, 190, 191, 194, 195, 197, 198, 199, 203, 204, 205, 206, 207, 211, 212, 213, 214, 215, 216, 217, 218, 219, 220, 222, 226, 227, 228, 232, 233, 234, 235, 236, 241, 242, 243, 244, 245, 249, 250, 251, 252, 253, 254, 255, 256, 257, 258, 259, 261, 265, 266, 267, 269, 270, 271, 272, 273, 274, 275, 276, 280, 281, 282, 283, 284, 286, 287, 288, 289, 290, 291, 292, 293, 294, 298, 299, 300, 301, 302, 304, 305, 306, 307, 314, 315], "summary": {"covered_lines": 196, "num_statements": 203, "percent_covered": 96.55172413793103, "percent_covered_display": "97", "missing_lines": 7, "excluded_lines": 0}, "missing_lines": [65, 66, 71, 72, 136, 137, 138], "excluded_lines": [], "functions": {"Fittrackee.__init__": {"executed_lines": [29, 30, 31, 32, 33, 34, 35, 36, 37, 38, 39, 40, 41, 42], "summary": {"covered_lines": 14, "num_statements": 14, "percent_covered": 100.0, "percent_covered_display": "100", "missing_lines": 0, "excluded_lines": 0}, "missing_lines": [], "excluded_lines": []}, "Fittrackee.__save_config": {"executed_lines": [45, 46, 54, 55, 56, 57], "summary": {"covered_lines": 6, "num_statements": 6, "percent_covered": 100.0, "percent_covered_display": "100", "missing_lines": 0, "excluded_lines": 0}, "missing_lines": [], "excluded_lines": []}, "Fittrackee.__load_config": {"executed_lines": [60, 61, 62, 63, 64, 74, 75, 76, 77, 78], "summary": {"covered_lines": 10, "num_statements": 14, "percent_covered": 71.42857142857143, "percent_covered_display": "71", "missing_lines": 4, "excluded_lines": 0}, "missing_lines": [65, 66, 71, 72], "excluded_lines": []}, "Fittrackee.__auth": {"executed_lines": [87, 88, 89, 90, 92, 93], "summary": {"covered_lines": 6, "num_statements": 6, "percent_covered": 100.0, "percent_covered_display": "100", "missing_lines": 0, "excluded_lines": 0}, "missing_lines": [], "excluded_lines": []}, "Fittrackee.__web_application_flow": {"executed_lines": [96, 97, 99, 100, 101, 102, 103, 104, 108, 109, 110, 117, 118, 119], "summary": {"covered_lines": 14, "num_statements": 14, "percent_covered": 100.0, "percent_covered_display": "100", "missing_lines": 0, "excluded_lines": 0}, "missing_lines": [], "excluded_lines": []}, "Fittrackee.__get_refreshing_client": {"executed_lines": [122, 126, 133], "summary": {"covered_lines": 3, "num_statements": 3, "percent_covered": 100.0, "percent_covered_display": "100", "missing_lines": 0, "excluded_lines": 0}, "missing_lines": [], "excluded_lines": []}, "Fittrackee.__token_update": {"executed_lines": [], "summary": {"covered_lines": 0, "num_statements": 3, "percent_covered": 0.0, "percent_covered_display": "0", "missing_lines": 3, "excluded_lines": 0}, "missing_lines": [136, 137, 138], "excluded_lines": []}, "Fittrackee.is_workout_present": {"executed_lines": [141, 142, 145, 146, 147, 148, 149, 153, 154, 155, 156, 157, 158, 159, 160], "summary": {"covered_lines": 15, "num_statements": 15, "percent_covered": 100.0, "percent_covered_display": "100", "missing_lines": 0, "excluded_lines": 0}, "missing_lines": [], "excluded_lines": []}, "Fittrackee.get_all_workouts": {"executed_lines": [163, 164, 165, 166, 167, 168, 169, 173, 174, 175, 176, 177, 181, 182, 183, 184, 185, 186, 187, 188, 189, 190, 191, 194, 195], "summary": {"covered_lines": 25, "num_statements": 25, "percent_covered": 100.0, "percent_covered_display": "100", "missing_lines": 0, "excluded_lines": 0}, "missing_lines": [], "excluded_lines": []}, "Fittrackee.get_last_workout": {"executed_lines": [198, 199, 203, 204, 205, 206, 207, 211, 212, 213, 214, 215, 216, 217, 218, 219, 220], "summary": {"covered_lines": 17, "num_statements": 17, "percent_covered": 100.0, "percent_covered_display": "100", "missing_lines": 0, "excluded_lines": 0}, "missing_lines": [], "excluded_lines": []}, "Fittrackee.upload_gpx": {"executed_lines": [226, 227, 228, 232, 233, 234, 235, 236, 241, 242, 243, 244, 245, 249, 250, 251, 252, 253, 254, 255, 256, 257, 258, 259], "summary": {"covered_lines": 24, "num_statements": 24, "percent_covered": 100.0, "percent_covered_display": "100", "missing_lines": 0, "excluded_lines": 0}, "missing_lines": [], "excluded_lines": []}, "Fittrackee.get_sports": {"executed_lines": [265, 266, 267], "summary": {"covered_lines": 3, "num_statements": 3, "percent_covered": 100.0, "percent_covered_display": "100", "missing_lines": 0, "excluded_lines": 0}, "missing_lines": [], "excluded_lines": []}, "Fittrackee.delete_workout": {"executed_lines": [270, 271, 272, 273, 274, 275, 276, 280, 281, 282, 283, 284], "summary": {"covered_lines": 12, "num_statements": 12, "percent_covered": 100.0, "percent_covered_display": "100", "missing_lines": 0, "excluded_lines": 0}, "missing_lines": [], "excluded_lines": []}, "Fittrackee.get_instance_config": {"executed_lines": [288, 289, 290, 291, 292, 293, 294, 298, 299, 300, 301, 302], "summary": {"covered_lines": 12, "num_statements": 12, "percent_covered": 100.0, "percent_covered_display": "100", "missing_lines": 0, "excluded_lines": 0}, "missing_lines": [], "excluded_lines": []}, "Fittrackee.is_instance_is_supported": {"executed_lines": [306, 307, 314, 315], "summary": {"covered_lines": 4, "num_statements": 4, "percent_covered": 100.0, "percent_covered_display": "100", "missing_lines": 0, "excluded_lines": 0}, "missing_lines": [], "excluded_lines": []}, "": {"executed_lines": [1, 2, 3, 5, 6, 7, 8, 9, 10, 11, 13, 14, 16, 19, 20, 44, 59, 80, 95, 121, 135, 140, 162, 197, 222, 261, 269, 286, 287, 304, 305], "summary": {"covered_lines": 31, "num_statements": 31, "percent_covered": 100.0, "percent_covered_display": "100", "missing_lines": 0, "excluded_lines": 0}, "missing_lines": [], "excluded_lines": []}}, "classes": {"Fittrackee": {"executed_lines": [29, 30, 31, 32, 33, 34, 35, 36, 37, 38, 39, 40, 41, 42, 45, 46, 54, 55, 56, 57, 60, 61, 62, 63, 64, 74, 75, 76, 77, 78, 87, 88, 89, 90, 92, 93, 96, 97, 99, 100, 101, 102, 103, 104, 108, 109, 110, 117, 118, 119, 122, 126, 133, 141, 142, 145, 146, 147, 148, 149, 153, 154, 155, 156, 157, 158, 159, 160, 163, 164, 165, 166, 167, 168, 169, 173, 174, 175, 176, 177, 181, 182, 183, 184, 185, 186, 187, 188, 189, 190, 191, 194, 195, 198, 199, 203, 204, 205, 206, 207, 211, 212, 213, 214, 215, 216, 217, 218, 219, 220, 226, 227, 228, 232, 233, 234, 235, 236, 241, 242, 243, 244, 245, 249, 250, 251, 252, 253, 254, 255, 256, 257, 258, 259, 265, 266, 267, 270, 271, 272, 273, 274, 275, 276, 280, 281, 282, 283, 284, 288, 289, 290, 291, 292, 293, 294, 298, 299, 300, 301, 302, 306, 307, 314, 315], "summary": {"covered_lines": 165, "num_statements": 172, "percent_covered": 95.93023255813954, "percent_covered_display": "96", "missing_lines": 7, "excluded_lines": 0}, "missing_lines": [65, 66, 71, 72, 136, 137, 138], "excluded_lines": []}, "": {"executed_lines": [1, 2, 3, 5, 6, 7, 8, 9, 10, 11, 13, 14, 16, 19, 20, 44, 59, 80, 95, 121, 135, 140, 162, 197, 222, 261, 269, 286, 287, 304, 305], "summary": {"covered_lines": 31, "num_statements": 31, "percent_covered": 100.0, "percent_covered_display": "100", "missing_lines": 0, "excluded_lines": 0}, "missing_lines": [], "excluded_lines": []}}}, "garmin_to_fittrackee/logs.py": {"executed_lines": [1, 2, 4, 5, 7, 8, 11, 12, 13, 14, 15, 16, 17, 25, 26, 27, 29, 34, 36], "summary": {"covered_lines": 19, "num_statements": 20, "percent_covered": 95.0, "percent_covered_display": "95",