{"meta": {"version": "7.4.0", "timestamp": "2024-01-22T23:40:05.768597", "branch_coverage": false, "show_contexts": false}, "files": {"garmin_to_fittrackee/fittrackee.py": {"executed_lines": [1, 2, 3, 5, 6, 7, 8, 9, 10, 12, 13, 15, 18, 19, 28, 29, 30, 31, 32, 33, 34, 35, 36, 37, 38, 39, 40, 41, 43, 44, 45, 53, 54, 55, 56, 58, 59, 60, 61, 62, 63, 73, 74, 75, 76, 77, 79, 86, 87, 88, 89, 91, 92, 94, 95, 96, 98, 99, 100, 101, 102, 103, 107, 108, 109, 116, 117, 118, 120, 121, 125, 132, 134, 139, 140, 141, 144, 145, 146, 147, 148, 152, 153, 154, 155, 156, 157, 165, 166, 167, 168, 169, 170, 171, 172, 176, 177, 178, 179, 180, 184, 185, 186, 187, 188, 189, 190, 191, 192, 193, 194, 197, 198, 200, 201, 202, 206, 207, 208, 209, 210, 214, 215, 216, 217, 218, 219, 220, 221, 222, 223, 225, 229, 230, 231, 235, 236, 237, 238, 239, 244, 245, 246, 247, 248, 252, 253, 254, 255, 256, 257, 258, 259, 260, 261, 262, 264, 268, 269, 270, 272, 273, 274, 275, 276, 277, 278, 279, 283, 284, 285, 286, 287, 289, 290, 291, 292, 293, 294, 295, 296, 297, 301, 302, 303, 304, 305, 307, 308, 309, 310, 311, 316, 317], "summary": {"covered_lines": 194, "num_statements": 201, "percent_covered": 96.51741293532338, "percent_covered_display": "97", "missing_lines": 7, "excluded_lines": 0}, "missing_lines": [64, 65, 70, 71, 135, 136, 137], "excluded_lines": []}, "garmin_to_fittrackee/logs.py": {"executed_lines": [1, 2, 4, 5, 7, 8, 11, 12, 13, 14, 15, 16, 17, 25, 26, 27, 29, 34, 36], "summary": {"covered_lines": 19, "num_statements": 20, "percent_covered": 95.0, "percent_covered_display": "95", "missing_lines": 1, "excluded_lines": 0}, "missing_lines": [23], "excluded_lines": []}, "garmin_to_fittrackee/sports.py": {"executed_lines": [1, 3, 6, 7, 8, 9, 10, 11, 12, 14, 15, 22, 23, 24, 25, 31, 32, 33, 34, 37, 40, 41, 42, 48, 51, 53, 54, 64, 65, 67, 68, 69, 71, 72, 77, 78, 80, 81, 84, 85, 86, 87, 92, 95, 96, 97, 105, 109, 111, 112, 115, 117, 118, 121, 123, 124, 125, 127, 128, 132, 133, 134, 135, 138, 139], "summary": {"covered_lines": 55, "num_statements": 55, "percent_covered": 100.0, "percent_covered_display": "100", "missing_lines": 0, "excluded_lines": 0}, "missing_lines": [], "excluded_lines": []}, "garmin_to_fittrackee/workout.py": {"executed_lines": [1, 3, 6, 7, 35, 36, 37, 38, 39, 40, 41, 42, 43, 44, 45, 46, 47, 48, 49, 50, 51, 52, 53, 54, 55, 56, 57, 58, 59, 60, 61, 63, 64, 66, 67], "summary": {"covered_lines": 35, "num_statements": 35, "percent_covered": 100.0, "percent_covered_display": "100", "missing_lines": 0, "excluded_lines": 0}, "missing_lines": [], "excluded_lines": []}}, "totals": {"covered_lines": 303, "num_statements": 311, "percent_covered": 97.42765273311898, "percent_covered_display": "97", "missing_lines": 8, "excluded_lines": 0}}